Campaign,Ad group,Keyword,Criterion Type
CaseBuilder SEO-onderzoek,apparaten,flightcase midas m32,Exact
CaseBuilder SEO-onderzoek,apparaten,flightcase yamaha dm7,Exact
CaseBuilder SEO-onderzoek,apparaten,flightcase allen heath sq5,Exact
CaseBuilder SEO-onderzoek,apparaten,flightcase allen heath sq6,Exact
CaseBuilder SEO-onderzoek,apparaten,flightcase yamaha dm3,Exact
CaseBuilder SEO-onderzoek,apparaten,flightcase l acoustics a15,Exact
CaseBuilder SEO-onderzoek,apparaten,flightcase pioneer djm900,Exact
CaseBuilder SEO-onderzoek,apparaten,flightcase behringer x32,Exact
CaseBuilder SEO-onderzoek,apparaten,flightcase digico quantum112,Exact
CaseBuilder SEO-onderzoek,apparaten,flightcase digico sd8,Exact
CaseBuilder SEO-onderzoek,apparaten,flightcase yamaha ls9,Exact
CaseBuilder SEO-onderzoek,apparaten,flightcase yamaha ql1,Exact
CaseBuilder SEO-onderzoek,apparaten,flightcase digico sd9,Exact
CaseBuilder SEO-onderzoek,apparaten,flightcase l acoustics a10,Exact
CaseBuilder SEO-onderzoek,apparaten,flightcase martin era300,Exact
CaseBuilder SEO-onderzoek,apparaten,flightcase midas pro1,Exact
CaseBuilder SEO-onderzoek,apparaten,flightcase midas pro2c,Exact
CaseBuilder SEO-onderzoek,apparaten,flightcase soundcraft vi3000,Exact
CaseBuilder SEO-onderzoek,apparaten,flightcase waves lv1,Exact
CaseBuilder SEO-onderzoek,apparaten,flightcase yamaha pm5,Exact
CaseBuilder SEO-onderzoek,apparaten,flightcase yamaha 01v96,Exact
CaseBuilder SEO-onderzoek,apparaten,flightcase midas m32r,Exact
CaseBuilder SEO-onderzoek,apparaten,flightcase ignition 2bright,Exact
CaseBuilder SEO-onderzoek,apparaten,flightcase digico s21,Exact
CaseBuilder SEO-onderzoek,apparaten,flightcase pioneer cdj3000,Exact
CaseBuilder SEO-onderzoek,apparaten,flightcase pioneer cdj850,Exact
CaseBuilder SEO-onderzoek,apparaten,flightcase sennheiser ewg3,Exact
CaseBuilder SEO-onderzoek,apparaten,flightcase yamaha genos2,Exact
CaseBuilder SEO-onderzoek,apparaten,flightcase allen heath sq7,Exact
CaseBuilder SEO-onderzoek,apparaten,flightcase bose s1,Exact
CaseBuilder SEO-onderzoek,apparaten,flightcase korg kronos88,Exact
CaseBuilder SEO-onderzoek,apparaten,flightcase ld systems maui44,Exact
CaseBuilder SEO-onderzoek,apparaten,flightcase nord electro7,Exact
CaseBuilder SEO-onderzoek,apparaten,flightcase pioneer djmv10,Exact
CaseBuilder SEO-onderzoek,apparaten,flightcase pioneer flx10,Exact
CaseBuilder SEO-onderzoek,apparaten,flightcase roland vr50hd,Exact
CaseBuilder SEO-onderzoek,apparaten,flightcase vari lite vl4000,Exact
CaseBuilder SEO-onderzoek,apparaten,flightcase allen heath qu7,Exact
CaseBuilder SEO-onderzoek,apparaten,flightcase alphatheta djmv5,Exact
CaseBuilder SEO-onderzoek,apparaten,flightcase apple imac27,Exact
CaseBuilder SEO-onderzoek,apparaten,flightcase boss gt1000core,Exact
CaseBuilder SEO-onderzoek,apparaten,flightcase boss rc505,Exact
CaseBuilder SEO-onderzoek,apparaten,flightcase cameo pixbar650,Exact
CaseBuilder SEO-onderzoek,apparaten,flightcase cameo ts200,Exact
CaseBuilder SEO-onderzoek,apparaten,flightcase chainmaster mb30,Exact
CaseBuilder SEO-onderzoek,apparaten,flightcase chainmaster sk030,Exact
CaseBuilder SEO-onderzoek,apparaten,flightcase chamsys quickq20,Exact
CaseBuilder SEO-onderzoek,apparaten,flightcase denon djsc6000m,Exact
CaseBuilder SEO-onderzoek,apparaten,flightcase denon x1800,Exact
CaseBuilder SEO-onderzoek,apparaten,flightcase epson ebl1495u,Exact
CaseBuilder SEO-onderzoek,apparaten,flightcase eurolite pll360,Exact
CaseBuilder SEO-onderzoek,apparaten,flightcase kawai es520,Exact
CaseBuilder SEO-onderzoek,apparaten,flightcase korg ms20,Exact
CaseBuilder SEO-onderzoek,apparaten,flightcase litecraft beamx7,Exact
CaseBuilder SEO-onderzoek,apparaten,flightcase litecraft bx7,Exact
CaseBuilder SEO-onderzoek,apparaten,flightcase lodestar d8,Exact
CaseBuilder SEO-onderzoek,apparaten,flightcase marshall electronics cv610,Exact
CaseBuilder SEO-onderzoek,apparaten,flightcase marshall electronics cv620,Exact
CaseBuilder SEO-onderzoek,apparaten,flightcase marshall electronics cv730,Exact
CaseBuilder SEO-onderzoek,apparaten,flightcase midas hd96,Exact
CaseBuilder SEO-onderzoek,apparaten,flightcase motorola apx8000,Exact
CaseBuilder SEO-onderzoek,apparaten,flightcase pioneer djma9,Exact
CaseBuilder SEO-onderzoek,apparaten,flightcase pioneer xdjrx3,Exact
CaseBuilder SEO-onderzoek,apparaten,flightcase rane mp2015,Exact
CaseBuilder SEO-onderzoek,apparaten,flightcase rcf nxl44a,Exact
CaseBuilder SEO-onderzoek,apparaten,flightcase samsung 43,Exact
CaseBuilder SEO-onderzoek,apparaten,flightcase sequential pro3,Exact
CaseBuilder SEO-onderzoek,apparaten,flightcase sequential prophet5,Exact
CaseBuilder SEO-onderzoek,apparaten,flightcase sequential prophet6,Exact
CaseBuilder SEO-onderzoek,apparaten,flightcase shure mxcw640,Exact
CaseBuilder SEO-onderzoek,apparaten,flightcase stairville af250,Exact
CaseBuilder SEO-onderzoek,apparaten,flightcase stairville bel6,Exact
CaseBuilder SEO-onderzoek,apparaten,flightcase stairville scansphere300,Exact
CaseBuilder SEO-onderzoek,apparaten,flightcase tascam model16,Exact
CaseBuilder SEO-onderzoek,apparaten,flightcase traktor kontrols4,Exact
CaseBuilder SEO-onderzoek,apparaten,flightcase vari lite vl440,Exact
CaseBuilder SEO-onderzoek,apparaten,flightcase varytec bull200,Exact
CaseBuilder SEO-onderzoek,apparaten,flightcase viscount legend70,Exact
CaseBuilder SEO-onderzoek,apparaten,flightcase waves emotionlv1,Exact
CaseBuilder SEO-onderzoek,apparaten,flightcase yamaha cl5,Exact
CaseBuilder SEO-onderzoek,apparaten,flightcase yamaha m7cl,Exact
CaseBuilder SEO-onderzoek,apparaten,flightcase yamaha yc61,Exact
CaseBuilder SEO-onderzoek,apparaten,flightcase adj mega64,Exact
CaseBuilder SEO-onderzoek,apparaten,flightcase alcons lr16,Exact
CaseBuilder SEO-onderzoek,apparaten,flightcase allen heath c1500,Exact
CaseBuilder SEO-onderzoek,apparaten,flightcase allen heath c2500,Exact
CaseBuilder SEO-onderzoek,apparaten,flightcase allen heath gld112,Exact
CaseBuilder SEO-onderzoek,apparaten,flightcase allen heath qu5,Exact
CaseBuilder SEO-onderzoek,apparaten,flightcase allen heath qu6,Exact
CaseBuilder SEO-onderzoek,apparaten,flightcase allen heath xone23,Exact
CaseBuilder SEO-onderzoek,apparaten,flightcase allen heath xone24,Exact
CaseBuilder SEO-onderzoek,apparaten,flightcase allen heath xone92,Exact
CaseBuilder SEO-onderzoek,apparaten,flightcase allen heath zed10fx,Exact
CaseBuilder SEO-onderzoek,apparaten,flightcase allen heath zedi10,Exact
CaseBuilder SEO-onderzoek,apparaten,flightcase ampeg svt610hlf,Exact
CaseBuilder SEO-onderzoek,apparaten,flightcase antari m4,Exact
CaseBuilder SEO-onderzoek,apparaten,flightcase antari m5,Exact
CaseBuilder SEO-onderzoek,apparaten,flightcase antari z3000,Exact
CaseBuilder SEO-onderzoek,apparaten,flightcase apple imac215,Exact
CaseBuilder SEO-onderzoek,apparaten,flightcase apple ipad7,Exact
