zoekwoord,relevant (j/n),notitie,zoekvolume,cluster,oordeel van de regel
accessoires,n,te algemeen,50000,onderdelen,algemeen
gereedschap,n,"gereedschap zelf, niet de koffer",50000,onderdelen,algemeen
hoeken,,,50000,onderdelen,algemeen
interieur,n,woninginrichting,50000,schuim,algemeen
koffers,n,reiskoffers; Samsonite en Bol staan op pagina 1,50000,algemeen,case-specifiek
19 inch rack,,,5000,racks,case-specifiek
19 racks,,,5000,racks,case-specifiek
aluminium koffer,,twijfel: reiskoffer én transportkoffer — SERP checken,5000,aluminium,case-specifiek
bouwpakket,,,5000,onderdelen,algemeen
flightcases,,,5000,algemeen,case-specifiek
handgrepen,,,5000,onderdelen,algemeen
hoeklijn,,,5000,onderdelen,algemeen
industriële meubels,,,5000,meubels,algemeen
kunststof bak,n,"opbergbak, geen koffer",5000,kunststof,algemeen
lichtgewicht koffers,n,reiskoffers,5000,kunststof,case-specifiek
onderdelen,,,5000,onderdelen,algemeen
opbergkist,,twijfel: opbergbox voor thuis — SERP checken,5000,transportkisten,case-specifiek
pallets,n,pallets zelf,5000,industrie,algemeen
peli case,,,5000,kunststof,case-specifiek
plastic bakken,n,opbergbakken,5000,kunststof,algemeen
popnagel,,,5000,onderdelen,algemeen
scharnieren,,,5000,onderdelen,algemeen
schotel,,,5000,onderdelen,algemeen
schotels,,,5000,onderdelen,algemeen
schuim,,,5000,schuim,algemeen
server rack,n,"serverkasten voor datacenters, geen transportcase",5000,racks,case-specifiek
spuitlijm,,,5000,onderdelen,algemeen
wielen,,,5000,wielen,algemeen
19 inch flightcase,,,500,racks,case-specifiek
aluminium kist,,,500,aluminium,case-specifiek
bevestigingmaterialen,,,500,onderdelen,algemeen
blindklinknagel,,,500,onderdelen,algemeen
camerakoffer,,,500,camera,case-specifiek
carrosseriering m6,,,500,onderdelen,algemeen
flightcase koffer,,,500,algemeen,case-specifiek
flightcase met lades,,,500,toolcases,case-specifiek
flightcase onderdelen,,,500,onderdelen,case-specifiek
flightcase op maat,,,500,opmaat,case-specifiek
flightcase op wielen,,,500,wielen,case-specifiek
flightcase wielen,,,500,onderdelen,case-specifiek
foam inlay,,,500,schuim,algemeen
industriële verpakking,,,500,industrie,case-specifiek
kartonnen verpakkingen,,,500,industrie,case-specifiek
keyboard case,,,500,instrumenten,case-specifiek
kist op wielen,,,500,wielen,case-specifiek
kistsluiting,,,500,onderdelen,case-specifiek
klepsluiting,,,500,onderdelen,algemeen
koffersluiting,,,500,onderdelen,case-specifiek
kooimoer,,,500,zonder,algemeen
kunststof koffer,,,500,kunststof,case-specifiek
leren handgreep,,,500,onderdelen,algemeen
maatwerk interieurs,,,500,schuim,algemeen
motorcase,,,500,motoren,case-specifiek
plukschuim,,,500,schuim,algemeen
rubber voet,,,500,zonder,algemeen
sluitingen,,,500,onderdelen,algemeen
t slot,,,500,onderdelen,algemeen
transportkist,,,500,transportkisten,case-specifiek
transportkoffer,,,500,transportkisten,case-specifiek
voetjes,,,500,onderdelen,algemeen
waterdichte koffer,,,500,kunststof,case-specifiek
zwarte verf,,,500,zonder,algemeen
19 inch rack cases,,,50,racks,case-specifiek
aluminium koffer met schuim,,,50,aluminium,case-specifiek
aluminium rack,,,50,racks,case-specifiek
aluminium transportkist,,,50,aluminium,case-specifiek
aluminium transportkisten,,,50,aluminium,case-specifiek
aluminium trolley,,,50,aluminium,case-specifiek
audio flightcase,,,50,audio,case-specifiek
beamer flightcase,,,50,schermkisten,case-specifiek
beschermkoffer,,,50,kunststof,case-specifiek
beschermkoffer met schuim,,,50,schuim,case-specifiek
bolhoek,,,50,onderdelen,algemeen
cable trunk,,,50,kabelkisten,case-specifiek
camera flightcase,,,50,camera,case-specifiek
carrosseriering m4,,,50,onderdelen,algemeen
carrosseriering m5,,,50,onderdelen,algemeen
cdj case,,,50,dj,case-specifiek
cleanroom foam,,,50,industrie,algemeen
cleanroom verpakking,,,50,industrie,case-specifiek
demokoffer,,,50,presentatie,case-specifiek
dj case,,,50,dj,case-specifiek
dj flightcase,,,50,dj,case-specifiek
drone koffer,,,50,camera,case-specifiek
flightcase accessoires,,,50,onderdelen,case-specifiek
flightcase bar,,,50,meubels,case-specifiek
flightcase configurator,,,50,opmaat,case-specifiek
flightcase dj controller,,,50,dj,case-specifiek
flightcase handgrepen,,,50,onderdelen,case-specifiek
flightcase hoeken,,,50,onderdelen,case-specifiek
flightcase kopen,,,50,algemeen,case-specifiek
flightcase laten maken,,,50,opmaat,case-specifiek
flightcase mengpaneel,,,50,mixercases,case-specifiek
flightcase met vakverdeling,,,50,schuim,case-specifiek
flightcase meubels,,,50,meubels,case-specifiek
flightcase midas m32,,,50,mixercases,case-specifiek
flightcase rack,,,50,racks,case-specifiek
flightcase samenstellen,,,50,algemeen,case-specifiek
flightcase sluitingen,,,50,onderdelen,case-specifiek
flightcase toolcase,,,50,toolcases,case-specifiek
flightcase trolley,,,50,wielen,case-specifiek
flightcase trunk,,,50,transportkisten,case-specifiek
flightcase universeel,,,50,transportkisten,case-specifiek
flightcase yamaha 01v96,,,50,mixercases,case-specifiek
flightcase yamaha dm3,,,50,mixercases,case-specifiek
foamcoating,,,50,schuim,algemeen
gitaar flightcase,,,50,instrumenten,case-specifiek
heavy duty flightcases,,,50,algemeen,case-specifiek
houten transportkist,,,50,industrie,case-specifiek
inbouw handgreep,,,50,onderdelen,algemeen
inbouwschotel,,,50,onderdelen,algemeen
kabelkist,,,50,kabelkisten,case-specifiek
kabelkisten,,,50,kabelkisten,case-specifiek
kabelkoffer,,,50,kabelkisten,case-specifiek
karton op maat,,,50,industrie,algemeen
keyboard flightcase,,,50,instrumenten,case-specifiek
klittenband haak en lus,,,50,onderdelen,algemeen
koffer met schuim,,,50,schuim,case-specifiek
koffer met vakverdeling,,,50,schuim,case-specifiek
koffer op maat,,,50,opmaat,case-specifiek
kofferhandgreep,,,50,onderdelen,case-specifiek
kunststof interieur,,,50,schuim,algemeen
kunststof transportkist,,,50,kunststof,case-specifiek
l hoek,,,50,onderdelen,algemeen
lade case,,,50,toolcases,case-specifiek
ladecase,,,50,toolcases,case-specifiek
ladencase,,,50,toolcases,case-specifiek
lakspray,,,50,zonder,algemeen
luidspreker flightcase,,,50,audio,case-specifiek
maatwerk flightcase,,,50,opmaat,case-specifiek
maatwerk verpakkingen,,,50,industrie,case-specifiek
microfoon flightcase,,,50,audio,case-specifiek
mixer flightcase,,,50,mixercases,case-specifiek
mixercase,,,50,mixercases,case-specifiek
monitor flightcase,,,50,schermkisten,case-specifiek
moving head flightcase,,,50,licht,case-specifiek
overzethoek,,,50,onderdelen,algemeen
pelicase koffer,,,50,kunststof,case-specifiek
piano flightcase,,,50,instrumenten,case-specifiek
plastic kist,,,50,kunststof,case-specifiek
popnageltang pneumatisch,,,50,onderdelen,algemeen
presentatiekoffer,,,50,presentatie,case-specifiek
protective cases,,,50,kunststof,case-specifiek
rackcase,,,50,racks,case-specifiek
rackprofiel,,,50,onderdelen,case-specifiek
schuim interieur,,,50,schuim,algemeen
schuimcoating,,,50,schuim,algemeen
schuiminterieur op maat,,,50,schuim,algemeen
shockmount rack,,,50,racks,case-specifiek
skb roto rack,,,50,racks,case-specifiek
slam rack,,,50,racks,case-specifiek
speaker flightcase,,,50,audio,case-specifiek
speakerkist,,,50,audio,case-specifiek
standaard karton,,,50,industrie,algemeen
stolp case,,,50,algemeen,case-specifiek
stolpcase,,,50,transportkisten,case-specifiek
stopscharnier,,,50,onderdelen,algemeen
tente zwenkwiel,,,50,onderdelen,algemeen
tente zwenkwiel 100,,,50,onderdelen,algemeen
tente zwenkwiel met rem,,,50,onderdelen,algemeen
toolcase,,,50,toolcases,case-specifiek
transport cases,,,50,transportkisten,case-specifiek
transportkisten,,,50,transportkisten,case-specifiek
trolley case,,,50,wielen,case-specifiek
trolleykoffers,,,50,wielen,case-specifiek
trunk case,,,50,transportkisten,case-specifiek
tv flightcase,,,50,schermkisten,case-specifiek
universele flightcase,,,50,algemeen,case-specifiek
vacuumvormen,,,50,schuim,algemeen
warnex verf,,,50,zonder,algemeen
